id;name;firstname;mail;tel
1;Cambodia Rustic Dynamic;blue;Borders;superstructure Fantastic Wooden Pants
2;Checking Account navigating project;one-to-one North Dakota;functionalities;Unbranded Granite Keyboard
3;Fantastic Sports azure;instruction set;withdrawal firewall Isle of Man;National
4;Avon;Somali Shilling Tennessee;context-sensitive copying Salad;Checking Account Response Maryland
5;French Guiana withdrawal;Chair;real-time Clothing;Israel Clothing navigate
6;integrate Keyboard Cambridgeshire;PCI Idaho;invoice sticky Usability;Infrastructure bandwidth Ergonomic
7;Bedfordshire;Auto Loan Account;Home Loan Account South Dakota;attitude-oriented Infrastructure
8;Specialist Product incremental;Unbranded collaborative;utilize;sticky productize framework
9;Personal Loan Account invoice bypass;UAE Dirham Direct;SQL International Games;Fresh communities
10;grid-enabled;Open-source;system-worthy;Toys
